DS,mean,coefficient of variation
1,0.35007813244427871,0.38001389767371191
2,0.58359033732382681,0.3444774393505261
3,0.90601846851797263,0.39269527957637401
