DS,mean,coefficient of variation
1,0.054891333669743664,0.0
2,0.12793429344976093,0.0076362309294670406
3,0.2679956071719572,0.21521630939849878
4,0.56672807046372531,0.37021275117284974
5,0.75416821034554082,0.40945836554010107
6,0.81869195442442644,0.41839507921474128
7,0.81869195442442644,0.41839507921474128
