rec,Sa,DS0,DS1,DS2,DS3
1,0.901049949,1,4,22,73
2,0.927013252,0,1,52,47
3,0.476585117,12,72,16,0
4,0.196625892,100,0,0,0
5,0.743965341,0,9,51,40
6,0.846442406,1,8,18,73
7,0.058357798,100,0,0,0
8,0.909918451,0,11,37,52
9,0.70872579,0,38,54,8
10,0.437726809,7,88,5,0
11,0.173261978,100,0,0,0
12,0.109949032,100,0,0,0
13,0.224495413,97,3,0,0
14,0.119123344,100,0,0,0
15,0.08387156,100,0,0,0
16,0.209123344,100,0,0,0
17,0.138287462,100,0,0,0
18,0.182262997,77,23,0,0
19,0.120998981,96,4,0,0
20,0.333955148,45,42,13,0
21,0.145973496,99,1,0,0
22,0.251427115,64,36,0,0
23,0.079215087,100,0,0,0
24,0.228470948,100,0,0,0
25,0.424750255,30,60,10,0
26,1.332212029,0,1,13,86
27,1.106218145,0,2,39,59
28,0.041570846,100,0,0,0
29,0.672466871,0,3,60,37
30,0.390917431,26,66,7,1
31,0.447971458,33,25,25,17
32,0.36038736,24,38,23,15
33,0.38058104,21,58,19,2
34,0.951569827,0,3,17,80
35,0.853577982,0,1,57,42
36,0.082529052,100,0,0,0
37,0.130621814,100,0,0,0
38,0.127594292,99,1,0,0
39,0.654699286,0,45,48,7
40,0.116167176,100,0,0,0
41,0.091429154,100,0,0,0
42,0.063118247,100,0,0,0
43,0.034879715,100,0,0,0
44,0.200336391,100,0,0,0
45,0.101272171,100,0,0,0
46,0.28803262,49,36,13,2
47,0.422945973,37,26,36,1
48,0.086998981,100,0,0,0
49,0.160876656,75,25,0,0
50,0.070423038,100,0,0,0
51,0.38872579,42,52,6,0
52,0.553455657,27,26,39,8
53,0.461814475,29,65,6,0
54,0.193343527,99,0,1,0
55,0.083085627,100,0,0,0
56,0.077727829,100,0,0,0
57,0.157686035,100,0,0,0
58,0.014699286,100,0,0,0
59,0.120978593,100,0,0,0
60,0.472487258,0,76,23,1
61,0.368012232,8,91,1,0
62,0.081417941,100,0,0,0
63,0.131814475,100,0,0,0
64,0.148858308,100,0,0,0
65,0.817013252,1,3,7,89
66,0.074817533,100,0,0,0
67,0.305392457,88,12,0,0
68,0.080728848,100,0,0,0
69,0.859673802,1,14,28,57
70,0.858012232,0,11,49,40