n.record,IML,edp1,edp2,edp3,edp4,edp5,edp6,edp7,edp8,edp9,edp10,edp11,edp12,edp13,edp14,edp15,edp16,edp17
1,69.209,-0.00068685,0.00031315,0.00131315,0.00231315,0.00331315,0.00431315,0.00531315,0.00631315,0.00731315,0.00831315,0.00931315,0.01031315,0.01131315,0.01231315,0.01331315,0.01431315,0.01531315
2,75.47,0.0010156,0.0020156,0.0030156,0.0040156,0.0050156,0.0060156,0.0070156,0.0080156,0.0090156,0.0100156,0.0110156,0.0120156,0.0130156,0.0140156,0.0150156,0.0160156,0.0170156
3,62.233,-0.00090205,0.00009795,0.00109795,0.00209795,0.00309795,0.00409795,0.00509795,0.00609795,0.00709795,0.00809795,0.00909795,0.01009795,0.01109795,0.01209795,0.01309795,0.01409795,0.01509795
4,168.47,-0.0024554,-0.0014554,-0.0004554,0.0005446,0.0015446,0.0025446,0.0035446,0.0045446,0.0055446,0.0065446,0.0075446,0.0085446,0.0095446,0.0105446,0.0115446,0.0125446,0.0135446
5,67.612,0.00094854,0.00194854,0.00294854,0.00394854,0.00494854,0.00594854,0.00694854,0.00794854,0.00894854,0.00994854,0.01094854,0.01194854,0.01294854,0.01394854,0.01494854,0.01594854,0.01694854
6,34.484,0.00036117,0.00136117,0.00236117,0.00336117,0.00436117,0.00536117,0.00636117,0.00736117,0.00836117,0.00936117,0.01036117,0.01136117,0.01236117,0.01336117,0.01436117,0.01536117,0.01636117
7,1123.2,-0.033654,-0.032654,-0.031654,-0.030654,-0.029654,-0.028654,-0.027654,-0.026654,-0.025654,-0.024654,-0.023654,-0.022654,-0.021654,-0.020654,-0.019654,-0.018654,-0.017654
8,1320.5,0.04736,0.04836,0.04936,0.05036,0.05136,0.05236,0.05336,0.05436,0.05536,0.05636,0.05736,0.05836,0.05936,0.06036,0.06136,0.06236,0.06336
9,1030.5,-0.010405,-0.009405,-0.008405,-0.007405,-0.006405,-0.005405,-0.004405,-0.003405,-0.002405,-0.001405,-0.000405,0.000595,0.001595,0.002595,0.003595,0.004595,0.005595
10,1223.7,-0.012167,-0.011167,-0.010167,-0.009167,-0.008167,-0.007167,-0.006167,-0.005167,-0.004167,-0.003167,-0.002167,-0.001167,-0.000167,0.000833,0.001833,0.002833,0.003833