n.blg,LS1,LS2,LS3,LS4,LS5,LS6,LS7
1,0.0458,0.1065,0.2117,0.4733,0.7248,0.940278828,0.940278828
,0,0,0,0.25,0.25,0.25,0.25