Damage State, median, dispersion 
Slight, 0.216919, 0.393208 
Moderate, 0.369902, 0.398950 
Extensive, 0.471937, 0.401788 
Collapse, 0.624618, 0.427387 
