dy,ds,du,Fy,Fu
0.095151032366638452
0.94027882799999996
2093.9000000000001
