Intensity Measure Level,mean Loss Ratio,coefficient of variation Loss Ratio
0.001,5.6383525087434577e-62,0.44896134212401817
0.14679166666666668,0.20134285212292782,0.006169669848441064
0.29258333333333336,0.29381685772953475,0.061404318235026144
0.43837500000000007,0.39183984819756529,0.035969109346899404
0.58416666666666672,0.53589972790674745,0.039678454139829115
0.72995833333333338,0.68236723228235552,0.030283739976035597
0.87575000000000014,0.79739307290026606,0.020244935540616463
1.0215416666666666,0.87612609164654986,0.012850652247428004
1.1673333333333333,0.92606239260460177,0.0079774962300002104
1.3131250000000001,0.9564040356090121,0.0049054475002061303
1.4589166666666666,0.97441140219268507,0.0030071328224761762
1.6047083333333334,0.98497446855106507,0.0018445336454021612
1.7505000000000002,0.9911445966760809,0.0011347018300837646
1.8962916666666667,0.99475072203430326,0.00070113123434856857
2.0420833333333333,0.99686605523551308,0.00043559741416536707
2.187875,0.99811396892077797,0.00027229487514630169
2.3336666666666668,0.99885531626137125,0.0001713396505874555
2.4794583333333335,0.99929917339714192,0.00010855787215082748
2.6252500000000003,0.99956712598557451,6.9265263722948219e-05
2.7710416666666666,0.99973027177394758,4.4508770352021995e-05
2.9168333333333334,0.99983046495757522,2.8803626425240634e-05
3.0626250000000002,0.99989252878142132,1.8771290044904453e-05
3.2084166666666669,0.99993130252135387,1.2318128987194137e-05
3.3542083333333337,0.99995572973621394,8.1385354063204249e-06
3.5,0.99997124540554427,5.4130015995940615e-06
