Intensity Measure Level,mean Loss Ratio,coefficient of variation Loss Ratio
0.001,5.5409683679044841e-62,0.58652711415831449
0.14679166666666668,0.2029382516962229,0.01144015181586249
0.29258333333333336,0.27367050768855872,0.10096709275911431
0.43837500000000007,0.32966374261018661,0.059109532836217941
0.58416666666666672,0.40908806948766269,0.055255592571283374
0.72995833333333338,0.50920584339196417,0.055485333878215103
0.87575000000000014,0.61242003851207971,0.047465892537706583
1.0215416666666666,0.7056463862537542,0.037083402249181295
1.1673333333333333,0.78282148158009446,0.027705262904618212
1.3131250000000001,0.84305658952823914,0.020237718365825032
1.4589166666666666,0.88821423810624756,0.014607791435209546
1.6047083333333334,0.92114555321618796,0.010474610439194768
1.7505000000000002,0.94471247537514846,0.0074829188158697631
1.8962916666666667,0.96136657622635036,0.0053350373642031095
2.0420833333333333,0.97304038363604106,0.0038005594761859073
2.187875,0.98118358132958972,0.0027075872820122647
2.3336666666666668,0.98685001936919625,0.001930393162220158
2.4794583333333335,0.99079031044277277,0.0013781195719444596
2.6252500000000003,0.99353202136167051,0.00098562776493965826
2.7710416666666666,0.99544282522847227,0.00070647247864817652
2.9168333333333334,0.99677766266545065,0.00050766155647292369
3.0626250000000002,0.99771283788360399,0.00036581656580240713
3.2084166666666669,0.9983701658410602,0.00026439444752803085
3.3542083333333337,0.99883384784878593,0.00019169494810888446
3.5,0.99916216634396959,0.00013944101830607139
