PMF,Sa(0.3),lognormal
imls,0.1,0.2,0.3,0.4,0.5,0.6,0.8,0.9,1.0
mean,0.0023600385836,0.0176135550941,0.046025157492,0.0828834300188,0.124207103441,0.167303303635,0.252663616931,0.29328314847,0.331996723511
cov,0.0,0.0,0.0,0.0,0.0,0.0,0.0,0.0,0.0
