Vb-droof,FALSE
Vb-dfloor,FALSE
Sd-Sa,TRUE
Periods [s],1.52,1.63
Heights [m],2.5,2.5
Gamma participation factors,1.24,1.24
Sdy [m]
Say [g]
Sd1 [m],0.1,0.1,0.1,0.1
Sa1 [g],0.0,0.142857142857,0.285714285714,0.428571428571
Sd2 [m],0.1,0.1,0.1,0.1,0.1
Sa2 [g],0.0,0.142857142857,0.285714285714,0.428571428571,0.571428571429
