Vb-droof,FALSE
Vb-dfloor,FALSE
Sd-Sa,TRUE
Periods [s],0.350000 
Heights [m],5.600000 
Gamma participation factors,1.300000 
Sdy [m],0.013898,0.020609 
Say [g],0.558496,0.507020 
Sd1 [m],0.000000,0.013898,0.083318,0.202516 
Sa1 [g],0.000000,0.558496,0.632188,0.111699 
